array,nested,inherited
0.16035486233333343,0.7943668800000001,
