array,nested,inherited
0.11300422700000001,0.5123689713333336,
